question,answer,generated_answer_original,generated_answer_finetuned,cosine_similarity_score
what are some advantages of using simtstd library for cuda programming,the simtstd library provides a way to add cuda support to the standard c library facilitating the development of cudapowered applications,a).,simtstd library offers preoptimized functions and routines for cuda programming making it easier to implement cuda code with lower overhead,0.8431242
what is the significance of writing scalar programs in the cuda programming model,writing scalar programs in the cuda programming model simplifies parallelization by allowing each thread to perform a scalar operation as part of a larger parallel process,arithmetic,writing scalar programs in the cuda programming model simplifies parallelization by allowing each thread to perform scalar operations as part of a larger parallel process,0.99854934
what is the use of the v and vv flags when starting kit,the v flag is used to enable info logging and vv is used to enable verbose logging these flags provide different levels of logging information in the console making it easier to debug and troubleshoot the startup routine,a tool for detecting and detecting a car's engine,the v and vv flags are used to indicate which entries in the vm are associated with the vm host and their intended target when starting kit,0.78310925
what is the impact of unified memory on developers working with large datasets,unified memory automatically manages large data array transfers between cpu and gpu memory streamlining development without manual data movement,a).,unified memory makes data science more accessible and easier to work with larger datasets than the gpu memory size,0.6790157
what is the purpose of the real arrays x and y in the host code,the real arrays x and y in the host code are the host arrays for the saxpy computation,arithmetic,the real arrays x and y are used in the host code to perform elementwise operations on arrays,0.6824788
what is the purpose of the fixedaddr parameter in cumemaddressreserve function,the fixedaddr parameter in cumemaddressreserve allows hinting at a starting virtual address va for memory allocation if cuda cannot fulfill the request at the specified address it tries to allocate the memory at another suitable location,a debugging tool,the fixedaddr parameter is used to specify the allocation path for a specific gpu parameter when a corresponding gpu resource is unavailable,0.62956256
what is the difference between global memory and shared memory in cuda,global memory in cuda is accessible to all threads but has higher latency while shared memory is faster but limited to threads within the same thread block,a single-cell,global memory in cuda is readwrite memory accessible to all threads while shared memory is readonly,0.8361981
what are the challenges associated with measuring gpu performance in wsl2,measuring gpu performance in wsl2 comes with challenges due to factors like launch latency where the time taken to start executing a cuda kernel can impact performance additionally the overhead of operations that cross the wsl2 boundary like submitting work to the gpu can affect performance,a).,measuring gpu performance in wsl2 involves comparing computed intermediate results with saved golden results the team often struggles to identify the best execution configuration for a specific gpu due to its limited memory capacity and performance impact,0.8962675
what is the function of the cuda kernel in parallel applications,in parallel applications the cuda kernel performs computations on the gpu by executing concurrently across multiple threads,a debugging tool,in parallel applications the cuda kernel performs computations on the gpu by executing concurrently,0.98341817
how can you use cooperative groups to partition thread blocks,you can use the cgtiledpartition function to partition a thread block into multiple smaller groups called tiles,a).,cooperative groups allow you to use groups of threads to synchronize and organize threads within a block you can use a single thread block called a coalesced memory access this can be done using shared memory or by defining a group of threads,0.6198413
what role does the nvidia compiler sdk play in gpu programming,the nvidia compiler sdk is based on the llvm compiler infrastructure and enables developers to create or extend programming languages with gpu acceleration capabilities this sdk contributes to the broader adoption of gpu computing by facilitating the development of gpuaccelerated languages,a compiler,the nvidia compiler sdk is a tool within the nvidia nsight toolset that provides gpu acceleration for developers who are willing to make some changes to their code,0.8299616
what benefits does the curand library offer for random number generation,the curand library provides both host cpu and device gpu apis for generating random numbers it supports various number generation techniques and is essential for applications like monte carlo simulations and physicsbased problems,a library of over a million books,the curand library provides runtime specialization and deprecates random numbers generated by nvidia for random number generation it offers lowlatency decoding and hybrid decoding using both cpu and gpu,0.7707241
what is the purpose of extracting structured data about properties,the purpose is to provide accurate information for insurance underwriting,a).,property insurance quotes,0.46011257
what is the significance of the gpu open analytics initiative,the gpu open analytics initiative aims to create common data frameworks that enable developers and researchers to accelerate data science on gpus,a computer that can be a part of a network,the gpu open analytics initiative supports a wide range of tools and technologies to enhance the performance of gpuaccelerated applications,0.8345686
how can cuda device graph launch be utilized beyond the example provided in the post,the example provided in the post represents a starting point for using cuda device graph launch the feature can be used in various ways beyond this example to enable dynamic control flow and optimize task execution,a graph,to utilize cuda device graph launch the post suggests using the device graph launch directive provided with the kernel launch configuration specifying the launch configuration for the device graph and the number of launching blocks,0.7300426
what was the gpu supported in the rc posting of cuda toolkit and nsight developer tools,the new nvidia a100 gpu was supported in the rc posting of cuda toolkit and nsight developer tools,a graphics card,the rc post enabled cuda toolkit 102 and nsight developer tools to run on the gpu allowing developers to leverage the capabilities of the gpu,0.81341463
what is unified memory,unified memory is a technology that simplifies memory management in gpuaccelerated applications by managing memory regions shared between cpus and gpus,a memory device,unified memory is a memory management system that provides a single memory space accessible by all gpus and cpus in the system,0.9132171
how does nvidia support professionals using linux tools and workflows,nvidia supports professionals by providing support for most established linux tools and workflows within their containers available for download from nvidia ngc,a).,microsoft supports professionals using linux tools and workflows by providing a complete ecosystem of tools libraries and support services tailored for enterprise environments,0.48923296
what type of processors does cuda 11 support,cuda 11 introduces support not only for the new nvidia a100 gpu but also for arm server processors,a processor,cuda 11 supports major processors including nvidia jetson tx2 jetson tx1 and jetson,0.71725106
what is the role of unified memory in solving gpu memory capacity limitations,unified memory allows applications to work with larger memory footprints than the gpu memory size addressing limitations posed by gpu memory capacity,a).,unified memory helps solve gpu memory capacity limitations by allowing data to be shared between cpu and gpu eliminating the need for explicit memory transfers,0.87963533
how has leon palafoxs use of cuda evolved over time,leon palafox previously had some exposure to cuda but now finds it critical for optimizing the efficiency of image analysis tasks and processing large datasets,a).,palafoxs use of cuda has evolved over years of research and development it has focused on designing and deploying highperformance ai applications,0.65703696
why might a developer choose not to use dynamic parallelism in their gpu algorithm,a developer might choose not to use dynamic parallelism if their algorithm does not have inherent parallelism or if the complexity and potential resource overhead outweigh the benefits,a).,a developer might choose not to use dynamic parallelism in their gpu algorithm because it can lead to decreased performance and potential performance in the shortruntime,0.7987244
how does nvprof facilitate the analysis of cuda program performance,nvprof is a gpu profiler that analyzes cuda program execution offering insights into kernel execution time memory usage and other performance metrics,a).,to analyze cuda program execution nvprof is a gpu profiler that analyzes gpu execution offering insights into kernel execution time memory usage and other performance metrics,0.9878039
what does cuda c stand for,cuda c stands for cuda c and c the cc interface for programming on the cuda parallel computing platform,a child,cuda c stands for cuda c which stands for singleprecision arithmetic,0.7445279
what kind of containers are available on nvidia gpu cloud ngc,nvidia offers gpuaccelerated containers via nvidia gpu cloud ngc for use on dgx systems public cloud infrastructure and local workstations with gpus these containers include a variety of prebuilt options for deep learning frameworks and hpc applications,a).,nvidia gpu cloud ngc provides containerized software stacks for various use cases from enterprise environments to highend ai applications,0.7939752
what are the new features of the aws deep learning amis for amazon ec2 instances,the new aws deep learning amis come with an optimized build of tensorflow 1131 cuda 10 and cudnn 74 to take advantage of mixedprecision training on nvidia tensor core gpus they also support the horovod distributed training framework,a new way to learn a deep learning algorithm,the aws deep learning amis feature an interactive display of ai models in amazon ec2 instances allowing users to customize the annotations and actions they offer userfriendly help text and integrate custom ec2 features into the amazon web service,0.52544695
who authors the cuda refresher blog posts,the cuda refresher blog posts are authored by nvidias pradeep gupta director of the solutions architecture and engineering team,Jeremy Levy,tim besard a contributor to the nvidia developer blog posts,0.5394949
where can you discover more resources for learning cuda programming,additional resources for learning cuda programming are available through the nvidia developer blog and nvidia deep learning institute dli,a website,nvidia provides a wealth of resources for learning cuda programming including developer blog posts and nvidia deep learning institute dli,0.9614665
what is the structure of the original matrix in the longstaffschwartz algorithm,the original matrix is a vandermonde matrix where each row is built from consecutive powers of a single value the stock price on the path,a matrix of polygons,the original matrix contains information about the gravitational field and its relationships with other objects,0.4065734
where can developers learn more about the capabilities of the new releases,developers can learn more about the capabilities of the new releases by accessing the resources available on gtc digital which includes numerous ondemand recorded sessions covering cuda and nsight topics,a website,developers can sign up for the nvidia developer blog to get a live walkthrough of all the new releases,0.5737651
what is the role of tensor cores in the volta architecture,tensor cores are a specialized hardware feature in the volta architecture designed specifically for deep learning computations they deliver exceptionally high performance for training and inference tasks by performing mixedprecision matrix multiplications at high speed significantly accelerating deep learning workloads,a non-linear space,tensor cores are a specialized hardware feature in the volta architecture designed to accelerate deep learning computations they provide up to 12x higher peak tflops for training and 6x higher peak tflops for inference compared to previous architectures,0.9040189
what is the purpose of cuda c,cuda c allows developers to create massively parallel applications using the c programming language to leverage gpu acceleration,a tool for detecting and detecting a prank,cuda c is used to implement parallel computing on nvidia gpus graphics processing units,0.84628713
what does usage requirement refer to in cmake,usage requirements in cmake include information such as include directories compiler defines and compiler options associated with targets these requirements propagate to consumers through targetlinklibraries ensuring consistent settings,a user's computer,usage requirement is specified in the build script for cmake it is used to specify the number of cpus and gpus to be used,0.68403035
how can translating c code to cuda result in significant performance improvements,translating c ray tracing code to cuda can lead to remarkable performance gains often exceeding 10 times the speed of the original code cudas parallel processing capabilities make it wellsuited for accelerating ray tracing computations on gpus,a).,translating c code to cuda result in significant performance improvements by utilizing versatile parallel algorithms and leveraging gpu acceleration,0.8174757
what kind of code acceleration will be discussed in the upcoming cudacast,the upcoming cudacast will discuss an alternate method for accelerating code using the openacc directivebased approach,a computer-accelerated code acceleration,the upcoming cudacast will discuss code acceleration using the new nvidia geforce gpu,0.60550696
how does dynamic parallelism impact the traditional programming model for gpu kernels,dynamic parallelism introduces nested grids and more complex parallel execution patterns deviating from the traditional flat hierarchy of gpu kernels,a).,dynamic parallelism introduced through the launching of gpu kernels allows developers to write more complex parallel algorithms that can leverage the processing power of gpus,0.84403604
how does the volta architecture contribute to energy efficiency,the tesla v100 gpu accelerator based on the volta architecture incorporates design improvements that result in better energy efficiency the new volta sm design is 50 more energy efficient than its predecessor offering higher performance per watt this efficiency benefits both deep learning and hpc workloads,a).,the volta architecture contributes to energy efficiency by allowing applications to be divided into smaller independent grids that can be executed on the gpu,0.63322896
how is spacetime divided in numerical simulations of black hole mergers,in simulations spacetime is divided into 3d spatial slices each representing a specific moment in time,a).,in numerical simulations spacetime is divided into 3dimensional spatial slices each corresponding to a specific moment in time,0.9380842
what are the core routines for computing convolutions based on in nvidia cudnn library,the nvidia cudnn library uses matrix multiplication as core routines for computing convolutions including direct convolution as a matrix product and fftbased convolutions,a kernel,the core routines for computing convolutions in nvidia cudnn are computeintensive and involve efficient parallelization of data,0.8400586
how does cuda 111 benefit gaming and graphics developers,cuda 111 enables a broad base of gaming and graphics developers to leverage ampere technology advances including rt cores tensor cores and streaming multiprocessors for realistic raytraced graphics and cuttingedge ai features,a game,cuda 111 benefits gaming and graphics developers by introducing accelerated computing capabilities to enhance their workflows and applications targeting a wider range of graphics platforms,0.83193296
what are some of the challenges faced in crossplatform software development,crossplatform software development faces challenges in targeting multiple platforms without creating and maintaining separate build scripts projects or makefiles for each platform it also involves dealing with issues like building cuda code,a).,challenges include scaling platform and platformspecific code refactoring and optimization,0.59415793
what benefits does wsl 2 offer over wsl 1 in terms of file system performance,wsl 2 enhances file system performance by utilizing a lightweight utility vm to manage virtual addressâ€“backed memory dynamically allocating memory from the windows host system,a faster file system,linux distro and microsoft windows insider programs can run concurrently on the gpu without manual optimization this reduces startup time and allows for more efficient file system execution,0.29666507
what is the purpose of streamordered memory allocation in cuda 112,streamordered memory allocation in cuda 112 allows applications to order memory allocation and deallocation with other work launched into a cuda stream this improves performance by reusing memory allocations and managing memory pools,arithmetic,streamordered memory allocation in cuda 112 allows memory allocation for a specified stream only once during kernel execution this is particularly useful for programs that dont have dependencies on the cpu,0.8877413
what are the specific cuda libraries that numbapro includes a python api interface to,numbapro includes a python api interface to the cublas cufft and curand libraries,python api,numbapro includes python wrappers for standard cuda libraries like cublas cufft and cusparse,0.8136394
what is shared memory in cuda and why is it important,shared memory is a fast onchip memory space available to cuda threads within a thread block it is important for efficiently sharing data and minimizing memory latency,a computer,shared memory in cuda refers to the entire system memory of the entire system it is crucial for memory sharing and data reuse,0.823886
for what kind of workloads is cuda ideal,cuda is ideal for diverse workloads including high performance computing data science analytics and ai applications,a).,cuda is ideal for a range of workloads including highperformance computing data science analytics and ai,0.96778995
what is the primary focus of gp102 gp104 and gp106 gpus,gp102 gp104 and gp106 gpus introduce new instructions like dp4a and dp2a to enhance computation efficiency these instructions are particularly useful for linear algebraic tasks like matrix multiplications and convolutions,gp102 gp104 gp106 gpus,gp102 gp104 and gp106 gpus are focused on highperformance computing for applications like deep learning image processing signal processing and linear systems these gpus are designed to achieve topnotch performance on the volta platform utilizing features like ti gpus for accelerated computation,0.61259186
what is the purpose of the gpus warp scheduler,the gpus warp scheduler is responsible for selecting and dispatching warps groups of threads to the execution units it optimizes the execution order to maximize throughput and resource utilization,a device to schedule a warp,the gpus warp scheduler is used to schedule threads within a warp and ensure they complete their tasks in a specific order,0.92872
how did the researchers train their ai system to sing christmas songs,the researchers trained their ai system by analyzing 100 hours of online music the program can generate melodies chords and lyrics based on a given musical scale and melodic profile,a computer,the researchers trained their ai system to sing christmas songs with a 100 percent accuracy rate,0.70645607
how does the profiler provide insights into specific lines of code affecting performance,the profiler attributes statistics metrics and measurements to specific lines of code indicating areas that contribute to performance issues and guiding optimization efforts,a).,to understand performance issues specific lines of code are inspected and optimized by the profilers analysis tools like nvidia visual profiler these metrics serve as guiding principles for optimizing code and achieving performance improvements,0.7457014
what can developers expect from the cuda 112 toolkit release,the cuda 112 toolkit release incorporates features such as llvm 70 upgrade device lto new compiler builtins enhanced debugging capabilities and parallel compilation support to enhance gpu performance and developer productivity,a more flexible toolkit,the cuda 112 toolkit release provides developers with an overview of the major new features and enhancements introduced in cuda 112,0.8014775
what is the significance of the blockidx variable in cuda,the blockidx variable in cuda provides the index of the current thread block within the grid enabling threads to identify their block and collaborate as needed,a function of the number of atoms in a nucleus,blockidx represents the index of the current thread block within the grid it is used to store information about the current thread within its block,0.77385163
what are the operating systems supported by amgx,amgx works on both linux and windows operating systems and supports applications using openmp mpi or a combination of both,linux,amgx supports operating systems like kubernetes pytorch and opengl graphics providing a consistent and highlevel interface for developers to write and share code,0.67156994
what is a mex function in matlab,a mex function in matlab is a c c or fortran function that is compiled into a shared library it allows external code to be invoked from within matlab bridging the gap between custom code and matlabs environment,arithmetic,a mex function is an extension to the matlab language that provides functions and routines to perform elementwise operations,0.8647499
what are the main objectives of the 112 cuda c compiler enhancements,the main objectives of the 112 cuda c compiler enhancements are to improve developer productivity and enhance the performance of gpuaccelerated applications,a compiler that can be used in a wide variety of code formats,the 112 cuda c compiler enhancements aim to enhance the programming model and performance of cuda applications by introducing features that align with the capabilities and capabilities of the nvidia a100 gpu,0.8829849
how does amgxs performance compare to traditional solvers,amgx demonstrates linear scaling and favorable speedup over highly tuned multithreaded solvers with gpuaccelerated amgx outperforming 8core cpu solvers,a).,amgxs performance stands out as demonstrated by its comparison with traditional solvers such as kokkosunordered memory oversubscription and unified memory in a gpuaccelerated environment,0.75356793
what is shared memory bank conflict and how can it be resolved,shared memory bank conflict occurs when multiple threads access the same memory bank simultaneously it can be resolved by optimizing memory access patterns or using padding techniques,a computer,shared memory bank conflict occurs when multiple threads access the same memory bank simultaneously resolving this conflict involves addressing the issues that arise when multiple threads access the same memory bank simultaneously,0.9450669
what kind of assistance can developers find through the cuda registered developer program,the cuda registered developer program offers access to software releases tools notifications about developer events and webinars bug reporting and feature requests joining the program establishes a connection with nvidia engineering and provides valuable resources for gpu development,a).,developers can find assistance in gaining practical experience through the cuda registered developer program,0.72742707
what role does page migration play in unified memory,page migration is used in unified memory to optimize data locality migrating pages to gpu memory to take advantage of high memory bandwidth and low latency,1).,page migration is used to migrate pages to gpu memory to handle page faults and optimize data movement,0.87565905
which nvidia hardware is used in the automated labeling pipeline,the automated labeling pipeline uses nvidia dgx a100 for accelerating labeling processes,a processor,a nvidia geforce gtx 1080 gpu is used in the automated labeling pipeline,0.82654625
what feature in video codec sdk 81 works well with the image area classification feature of capture sdk 70,video codec sdk 81 introduces a feature to specify regionofinterest in video frames which works well with the image area classification feature of capture sdk 70 allowing for optimized region of interest encoding,a).,the feature of capture sdk 70 is wellsuited for video studio code with highdefinition capabilities it offers features like autotime image stabilization stepping through camera motion estimation and object detection this feature enhances the perception and handling of turing gpus,0.7025516
how can developers migrate to cunumeric,migrating to cunumeric is straightforward developers need to replace numpy imports with cunumeric imports this allows existing code to be executed on multiple gpus with automatic distribution of computations,a).,developers can migrate to cunumeric by using the migrate commandline option from the numpy command line,0.78953856
how does using parallel threads in a cuda kernel affect performance,using parallel threads in a cuda kernel can lead to improved performance by leveraging the gpus ability to process multiple computations concurrently,a).,using parallel threads in a cuda kernel capitalizes on gpu capabilities leading to enhanced performance by executing multiple computations concurrently,0.9622964
how does pcast handle comparing gpu and cpu computations,pcast handles comparing gpu and cpu computations by executing compute constructs redundantly on both cpu and gpu it allows direct comparisons of computed values between the two implementations to identify discrepancies,a).,pcasts acccompare environment variable is used to compare gpu and cpu computations it allows compute applications to compare performance against cpu computations,0.7808095
what components are incorporated in the nvidia dgx2 server,the dgx2 server includes 16 nvidia tesla v100 32gb gpus 12 nvswitch chips two 24core xeon cpus 15 tb ddr4 dram memory mellanox infiniband edr adapters and 30 tb nvme storage,a graphics card,the nvidia dgx2 server includes thirdgeneration nvidia dgx2 gpu accelerators additional video decoder nvdec units and a smi decoder,0.80591387
what are nvidias ongoing efforts regarding wsl 2 and its gpu support,nvidia is actively working on optimizing performance bringing linuxspecific apis to the windows display driver model wddm layer adding support for libraries like nvidia management library nvml and ensuring more applications work out of the box in wsl 2,a series of software updates,nvidia is actively working to bring linuxspecific apis to the windows display driver model wddm layer addressing issues like gpu starvation synchronization problems and more,0.79919535
how does the gpu architecture handle exposed memory latency in the presented algorithm,the gpu architectures latencyhiding mechanisms help mitigate the negative effects of exposed memory latency resulting in improved algorithm performance,a).,the gpu architecture uses exposed memory latency to hide the latency of memory accesses allowing the algorithm to achieve high throughput and efficient data transfer,0.80077815
what improvements does cuda 92 bring to kernel launch latency,cuda 92 reduces kernel launch latency resulting in quicker execution of gpu kernels,a kernel that is faster than the current kernel,cuda 92 brings improved kernel launch latency through the nvidia runtime specialization of kernels with lower overhead compared to traditional dense linear algebra,0.85048157
what is the purpose of the bindkernel function in grcuda,the bindkernel function in grcuda is used to bind a cuda kernel from a binary to a callable object making it ready for invocation,bindkernel function,the bindkernel function in grcuda is used to bind kernels from arrays of cpu threads it ensures that bindkernel functions only modify cpu kernels enabling efficient gpu kernel execution,0.84086627
what problem does cuda graphs address in gpu computing,cuda graphs addresses the issue of cpu overhead in scheduling multiple gpu activities by allowing them to be scheduled as a single computational graph this reduces overhead and improves overall performance,arithmetic problems,cuda graphs address the growing number of gpu kernels in a multiprocessor showcasing the efficient scaling of gpu computing,0.78777647
what other tools exist for profiling and analyzing mpicuda applications,wellestablished tools like scorep vampir and tau exist for profiling and analyzing mpicuda applications these tools use the cupti profiling interface to assess both mpi and cuda aspects of the application providing advanced support for detecting performance issues,a database,nvidia provides additional tools for profiling and analyzing mpicuda applications including visual studio edition nvidia visual profiler and nvprof the latter two tools offer critical path analysis simultaneous profiling of mpicuda applications and the ability to analyze performance bottlenecks,0.7681464
what are some examples of algorithms that can benefit from the cooperative groups programming model,algorithms involving parallel reduction aggregation and synchronization across multiple thread blocks or gpus can benefit from the cooperative groups model,a).,algorithm examples include flocking and synchronization where threads within a warp take turns sharing data via text messages and performing collective operations,0.5262407
what challenge does the cuda programming model address,the cuda programming model addresses the challenge of simplifying parallel programming to attract a wider range of developers and accelerate application development,a).,the cuda programming model addresses the challenge of achieving highperformance gpu programming by allowing each thread to perform gpu computation on the gpu,0.70741564
what does the cmake targetcompilefeatures command do for cuda,the targetcompilefeatures command in cmake allows you to specify the c features and standards required for a target including cuda targets this ensures that the appropriate compiler settings are applied during compilation,cmake targetcompilefeatures,the cmake targetcompilefeatures command is used to specify the target compilers required for cuda it is used to specify the required compilers for the target,0.9342087
how can you issue a data transfer to a nondefault stream in cuda,to issue a data transfer to a nondefault stream you can use cudamemcpyasync and specify the stream identifier as an argument,a).,a nondefault stream is issued using the cudadevicesynchronize flag which specifies the stream to wait for all previously issued cuda calls to complete,0.61398286
what information can be obtained from the cuda sample code devicequery,the cuda sample code devicequery provides properties of cudaenabled devices present in the system offering insights into the compute capability of the gpu hardware,a list of devices,the cuda sample code devicequery provides information about the properties and capabilities of cuda devices used in various applications,0.8501322
what is the advantage of using hash grids in particlebased simulations,hash grids are wellsuited for accelerating nearest neighbor queries in particlebased simulations like the discrete element method dem or smoothed particle hydrodynamics sph,a).,ish grids provide a highlevel interface for collision detection and simulations they allow for efficient data retrieval and processing within hash grids,0.6670015
explain how the quantization of input features contributes to gradient boosting efficiency,quantization involves converting input features into discrete values or quantiles this simplifies tree construction and enables efficient gpu implementation without sacrificing accuracy making the algorithm more scalable,a).,the quantization of input features simplifies the training process by allowing more complex models to be executed in a specific order reducing the need for multiple training runs,0.6377108
when might it be necessary to write custom cuda code instead of using arrayfun,custom cuda code may be necessary for more complex gpu acceleration tasks or when specific control over gpu resources is required,a).,custom cuda code may be necessary for more complex or complex gpu acceleration tasks that cannot be easily achieved using arrayfun it is possible to use functions like cudapeekatlasterror to prevent such errors,0.77424574
how does nvidias opensource utilities benefit gpuaccelerated applications,nvidias opensource utilities enable gpuaccelerated applications to be containerized and isolated without any modifications allowing deployment on any gpuenabled infrastructure,gpuaccelerated applications,nvidias opensource utilities extend gpuaccelerated applications with features like preoptimized driver and optimization capabilities these utilities streamline code development and provide performance improvements for applications that can leverage gpu acceleration,0.732979
what is the role of the matlab mex compiler,the matlab mex compiler is used to compile and integrate external c c or fortran code into the matlab environment as functions these functions can be invoked from matlab enabling seamless integration of custom libraries and algorithms with matlab data and functionality,a computer programmer,the matlab mex compiler translates matlab code into executable machine code for the gpu facilitating efficient execution on gpus,0.71647334
how does using individual local variables improve performance in the provided example,using individual local variables instead of an indexed array removes memory dependency stalls due to local memory accesses this optimization results in improved resource utilization and a 16x performance improvement in the kernel,a).,utilizing individual local variables like blockdim blockidx and threadidx helps optimize performance by assuming the block size is constant and the index is a multiple of 32 this approach optimizes memory access for better performance,0.69357735
how does azure machine learning collaborate with nvidia ai enterprise,azure machine learning optimizes the experience of running nvidia ai software by integrating it with the azure machine learning training and inference platform,ad hoc,azure machine learning collaborates with nvidia ai enterprise to develop advanced ai models for intelligent video analytics,0.82986736
how does an extension contribute to kitbased applications,an extension is the basic building block of kitbased applications like create as it provides the necessary functionality and features to enhance the applications,a).,extensions enable kitbased applications to run with minimal or no code changes making it easier to build and deploy apps with minimal changes,0.66339743
what is the primary benefit of using arrayfun for gpu programming,the primary benefit of arrayfun is that it allows you to write custom kernels in the matlab language for gpu acceleration,a computer with a lot of memory,the primary benefit of using arrayfun is its ability to provide gpu acceleration without extensive cuda knowledge,0.7878554
how do cuda applications manage concurrency,cuda applications manage concurrency by executing asynchronous commands in streams,a).,cuda applications manage concurrency by executing commands in parallel,0.87387824
explain the purpose of the recursive unpacking of a parameter pack,recursive unpacking of a parameter pack allows you to operate on each parameter individually enabling more complex operations that depend on the specific arguments being used,a).,the recursive unpacking of a parameter pack allows the compiler to generate more efficient loops with reduced parameter counts this is especially useful when dealing with parameter combinations that might be recursive,0.84728897
how are event consumers able to subscribe to callbacks,subscription functions create the isubscription class which usually unsubscribes automatically upon destruction,a callback is a callback that is a video,event consumers can subscribe to the callbacks audio and visual experience by subscribing their event streams and using the event streams,0.21880215
why are visual tools important when developing and debugging massively parallel applications,visual tools offer an efficient method for developing and debugging applications especially when dealing with tens of thousands of parallel threads in massively parallel codes on the cuda platform,a).,visual tools like nvidia visual studio edition and nvidia visual studio edition are essential for creating and debugging massively parallel applications,0.6810905
why is error handling important in cuda programming,error handling is crucial in cuda programming to detect and address issues that may lead to incorrect results or program crashes ensuring robust and reliable execution,a).,errors in cuda programming can lead to performance bottlenecks especially for applications that do not have dependencies or special instructions preventing them from becoming a bottleneck,0.79597634
what is an example of a cunumeric application,the stencil example is a simple cunumeric application that demonstrates parallel execution it involves initializing a grid and performing stencil computations the example scales almost perfectly on large systems without additional programmer intervention,a calculator,a cunumeric application can be adapted to run on a single cpu core and then automatically migrates data to shared memory using the compute capability to achieve high performance,0.5340568
when did mantas janulionis post the tweet comparing deep learning to 3d gaming,mantas janulionis posted the tweet on april 23 2017,"July 17, 2015",mantas janulionis post was compared to 3d gaming on april 27,0.5805629
what is the role of square footage data in property assessment,square footage data helps evaluate property value and insurance risk,a).,square footage data helps evaluate property value and insurance risk,1.0
how does cutlass use a hierarchy of thread block tiles warp tiles and thread tiles,cutlass uses this hierarchy to decompose the computation moving data from global memory to shared memory from shared memory to the register file and then to cuda cores for computation,a).,cutlass uses a hierarchy of thread block tiles warp tiles and thread tiles to implement efficient matrix multiplication operations based on the number of thread blocks,0.5609872
what was the aim of the study involving robobeer,the aim of the study was to develop an objective predictive model using machine learning to assess sensory descriptors in beer by utilizing physical measurements of color and foamrelated parameters,reducing the amount of alcohol in a beer,the study aimed to identify tuberculosis on chest xray images that provide a clear picture of the disease,0.10692243
how does cuda support data transfer between host and device memory,cuda provides mechanisms for data transfer between host and device memory over the pcie bus,a).,cuda supports data transfer by allowing device memory to be written directly to device memory using functions like cudamalloc or cudamallocmanaged,0.81995225
what improvements are made to nvjpeg in cuda 120,nvjpeg in cuda 120 has an improved implementation that reduces the gpu memory footprint using zerocopy memory operations fused kernels and inplace color space conversion,a).,cuda 120 adds nvjpeg to its library to enhance performance and provide better debugging of cuda applications,0.71739066
what is the purpose of the jacobi iteration in the example,the purpose of the jacobi iteration is to compute new values for each point in a matrix as the mean of neighboring values iteratively,a way to make a joke,the jacobi iteration is used to determine the distance between n and k different values in a matrix,0.76895183
how did the researchers use machine learning in their study,the researchers utilized machine learning including an artificial neural network to analyze the collected data and predict sensory descriptors in beer based on the physical measurements and biometric information,a computer program,the researchers used machine learning to train their neural network on images of human vision,0.4200885
what imaging technique did the researchers use for their study,the researchers used positron emission tomography pet imaging which involves using radioactive materials and a special camera to evaluate organs and tissues,MRI,the researchers used magnum io deep learning to train their convolutional neural networks on radio telescopes,0.23532388
